Type,Frame,Angle
LinearQuaternion,0,-3.05774
LinearQuaternion,1,-3.03466
LinearQuaternion,2,-3.01157
LinearQuaternion,3,-2.98846
LinearQuaternion,4,-2.96534
LinearQuaternion,5,-2.94221
LinearQuaternion,6,-2.91906
LinearQuaternion,7,-2.8959
LinearQuaternion,8,-2.87273
LinearQuaternion,9,-2.84955
LinearQuaternion,10,-2.82635
LinearQuaternion,11,-2.80315
LinearQuaternion,12,-2.77992
LinearQuaternion,13,-2.75669
LinearQuaternion,14,-2.73344
LinearQuaternion,15,-2.71018
LinearQuaternion,16,-2.68691
LinearQuaternion,17,-2.66362
LinearQuaternion,18,-2.64032
LinearQuaternion,19,-2.61701
LinearQuaternion,20,-2.59369
LinearQuaternion,21,-2.57035
LinearQuaternion,22,-2.54213
LinearQuaternion,23,-2.51389
LinearQuaternion,24,-2.48565
LinearQuaternion,25,-2.45739
LinearQuaternion,26,-2.42913
LinearQuaternion,27,-2.40086
LinearQuaternion,28,-2.37257
LinearQuaternion,29,-2.34428
LinearQuaternion,30,-2.31597
LinearQuaternion,31,-2.28766
LinearQuaternion,32,-2.25934
LinearQuaternion,33,-2.231
LinearQuaternion,34,-2.20266
LinearQuaternion,35,-2.17431
LinearQuaternion,36,-2.14594
LinearQuaternion,37,-2.11757
LinearQuaternion,38,-2.08918
LinearQuaternion,39,-2.06079
LinearQuaternion,40,-2.03239
LinearQuaternion,41,-2.00397
LinearQuaternion,42,-1.97555
LinearQuaternion,43,-2.04451
LinearQuaternion,44,-2.11333
LinearQuaternion,45,-2.18203
LinearQuaternion,46,-2.2506
LinearQuaternion,47,-2.31903
LinearQuaternion,48,-2.38735
LinearQuaternion,49,-2.45554
LinearQuaternion,50,-2.5236
LinearQuaternion,51,-2.59155
LinearQuaternion,52,-2.65937
LinearQuaternion,53,-2.72708
LinearQuaternion,54,-2.79468
LinearQuaternion,55,-2.86215
LinearQuaternion,56,-2.92952
LinearQuaternion,57,-2.99677
LinearQuaternion,58,-3.06392
LinearQuaternion,59,-3.13095
LinearQuaternion,60,-3.19788
LinearQuaternion,61,-3.26471
LinearQuaternion,62,-3.33143
LinearQuaternion,63,-3.39805
LinearQuaternion,64,-3.53516
LinearQuaternion,65,-3.67234
LinearQuaternion,66,-3.80958
LinearQuaternion,67,-3.94689
LinearQuaternion,68,-4.08427
LinearQuaternion,69,-4.22172
LinearQuaternion,70,-4.35924
LinearQuaternion,71,-4.49682
LinearQuaternion,72,-4.63448
LinearQuaternion,73,-4.7722
LinearQuaternion,74,-4.91
LinearQuaternion,75,-5.04786
LinearQuaternion,76,-5.1858
LinearQuaternion,77,-5.32382
LinearQuaternion,78,-5.4619
LinearQuaternion,79,-5.60006
LinearQuaternion,80,-5.73829
LinearQuaternion,81,-5.8766
LinearQuaternion,82,-6.01499
LinearQuaternion,83,-6.15344
LinearQuaternion,84,-6.29198
LinearQuaternion,85,-6.11162
LinearQuaternion,86,-5.93379
LinearQuaternion,87,-5.75847
LinearQuaternion,88,-5.58567
LinearQuaternion,89,-5.41539
LinearQuaternion,90,-5.24763
LinearQuaternion,91,-5.08239
LinearQuaternion,92,-4.91967
LinearQuaternion,93,-4.75946
LinearQuaternion,94,-4.60177
LinearQuaternion,95,-4.4466
LinearQuaternion,96,-4.29396
LinearQuaternion,97,-4.14383
LinearQuaternion,98,-3.99623
LinearQuaternion,99,-3.85116
LinearQuaternion,100,-3.70862
LinearQuaternion,101,-3.56861
LinearQuaternion,102,-3.43113
LinearQuaternion,103,-3.2962
LinearQuaternion,104,-3.16381
LinearQuaternion,105,-3.03397
LinearQuaternion,106,-2.81653
LinearQuaternion,107,-2.59706
LinearQuaternion,108,-2.37558
LinearQuaternion,109,-2.1521
LinearQuaternion,110,-1.92664
LinearQuaternion,111,-1.69921
LinearQuaternion,112,-1.46983
LinearQuaternion,113,-1.23853
LinearQuaternion,114,-1.00531
LinearQuaternion,115,-0.77019
LinearQuaternion,116,-0.533194
LinearQuaternion,117,-0.294336
LinearQuaternion,118,-0.0536342
LinearQuaternion,119,0.188894
LinearQuaternion,120,0.43323
LinearQuaternion,121,0.679355
LinearQuaternion,122,0.927252
LinearQuaternion,123,1.1769
LinearQuaternion,124,1.42829
LinearQuaternion,125,1.68139
LinearQuaternion,126,1.93618
LinearQuaternion,127,1.93174
LinearQuaternion,128,1.92963
LinearQuaternion,129,1.92986
LinearQuaternion,130,1.93245
LinearQuaternion,131,1.93741
LinearQuaternion,132,1.94474
LinearQuaternion,133,1.95447
LinearQuaternion,134,1.96662
LinearQuaternion,135,1.9812
LinearQuaternion,136,1.99822
LinearQuaternion,137,2.01772
LinearQuaternion,138,2.03971
LinearQuaternion,139,2.06421
LinearQuaternion,140,2.09126
LinearQuaternion,141,2.12086
LinearQuaternion,142,2.15307
LinearQuaternion,143,2.18789
LinearQuaternion,144,2.22537
LinearQuaternion,145,2.26553
LinearQuaternion,146,2.30841
LinearQuaternion,147,2.35404
LinearQuaternion,148,2.2738
LinearQuaternion,149,2.19693
LinearQuaternion,150,2.12343
LinearQuaternion,151,2.05335
LinearQuaternion,152,1.9867
LinearQuaternion,153,1.92352
LinearQuaternion,154,1.86383
LinearQuaternion,155,1.80767
LinearQuaternion,156,1.75507
LinearQuaternion,157,1.70608
LinearQuaternion,158,1.66071
LinearQuaternion,159,1.61902
LinearQuaternion,160,1.58104
LinearQuaternion,161,1.54682
LinearQuaternion,162,1.51639
LinearQuaternion,163,1.48982
LinearQuaternion,164,1.46714
LinearQuaternion,165,1.4484
LinearQuaternion,166,1.43367
LinearQuaternion,167,1.42298
LinearQuaternion,168,1.41641
LinearQuaternion,169,1.60486
LinearQuaternion,170,1.78779
LinearQuaternion,171,1.96547
LinearQuaternion,172,2.13819
LinearQuaternion,173,2.30619
LinearQuaternion,174,2.4697
LinearQuaternion,175,2.62895
LinearQuaternion,176,2.78414
LinearQuaternion,177,2.93547
LinearQuaternion,178,3.08312
LinearQuaternion,179,3.22727
LinearQuaternion,180,3.36807
LinearQuaternion,181,3.5057
LinearQuaternion,182,3.64028
LinearQuaternion,183,3.77197
LinearQuaternion,184,3.90089
LinearQuaternion,185,4.02716
LinearQuaternion,186,4.15092
LinearQuaternion,187,4.27226
LinearQuaternion,188,4.39131
LinearQuaternion,189,4.50815
LinearQuaternion,190,4.52522
LinearQuaternion,191,4.54187
LinearQuaternion,192,4.5581
LinearQuaternion,193,4.57391
LinearQuaternion,194,4.58931
LinearQuaternion,195,4.6043
LinearQuaternion,196,4.61888
LinearQuaternion,197,4.63305
LinearQuaternion,198,4.64681
LinearQuaternion,199,4.66018
LinearQuaternion,200,4.67314
LinearQuaternion,201,4.6857
LinearQuaternion,202,4.69787
LinearQuaternion,203,4.70963
LinearQuaternion,204,4.72101
LinearQuaternion,205,4.73198
LinearQuaternion,206,4.74257
LinearQuaternion,207,4.75276
LinearQuaternion,208,4.76256
LinearQuaternion,209,4.77198
LinearQuaternion,210,4.781
LinearQuaternion,211,4.23929
LinearQuaternion,212,3.69992
LinearQuaternion,213,3.16276
LinearQuaternion,214,2.62767
LinearQuaternion,215,2.09451
LinearQuaternion,216,1.56313
LinearQuaternion,217,1.03341
LinearQuaternion,218,0.505191
LinearQuaternion,219,-0.0216597
LinearQuaternion,220,-0.547284
LinearQuaternion,221,-1.07182
LinearQuaternion,222,-1.59542
LinearQuaternion,223,-2.11823
LinearQuaternion,224,-2.64037
LinearQuaternion,225,-3.16201
LinearQuaternion,226,-3.68329
LinearQuaternion,227,-4.20436
LinearQuaternion,228,-4.72537
LinearQuaternion,229,-5.24646
LinearQuaternion,230,-5.7678
LinearQuaternion,231,-6.28953
LinearQuaternion,232,-6.03687
LinearQuaternion,233,-5.78597
LinearQuaternion,234,-5.53646
LinearQuaternion,235,-5.28797
LinearQuaternion,236,-5.04012
LinearQuaternion,237,-4.79254
LinearQuaternion,238,-4.54481
LinearQuaternion,239,-4.29653
LinearQuaternion,240,-4.04727
LinearQuaternion,241,-3.79656
LinearQuaternion,242,-3.54392
LinearQuaternion,243,-3.28882
LinearQuaternion,244,-3.03071
LinearQuaternion,245,-2.76897
LinearQuaternion,246,-2.50294
LinearQuaternion,247,-2.23187
LinearQuaternion,248,-1.95495
LinearQuaternion,249,-1.67128
LinearQuaternion,250,-1.37981
LinearQuaternion,251,-1.07939
LinearQuaternion,252,-0.768699
LinearQuaternion,253,-0.146275
LinearQuaternion,254,0.496309
LinearQuaternion,255,1.16098
LinearQuaternion,256,1.84988
LinearQuaternion,257,2.5654
LinearQuaternion,258,3.31019
LinearQuaternion,259,4.08724
LinearQuaternion,260,4.89991
LinearQuaternion,261,5.75198
LinearQuaternion,262,6.64773
LinearQuaternion,263,7.59201
LinearQuaternion,264,8.59037
LinearQuaternion,265,9.64914
LinearQuaternion,266,10.7756
LinearQuaternion,267,11.978
LinearQuaternion,268,13.2662
LinearQuaternion,269,14.6511
LinearQuaternion,270,16.1459
LinearQuaternion,271,17.7657
LinearQuaternion,272,19.528
LinearQuaternion,273,21.4534
LinearQuaternion,274,22.1452
LinearQuaternion,275,22.8493
LinearQuaternion,276,23.5662
LinearQuaternion,277,24.2964
LinearQuaternion,278,25.0403
LinearQuaternion,279,25.7985
LinearQuaternion,280,26.5714
LinearQuaternion,281,27.3598
LinearQuaternion,282,28.164
LinearQuaternion,283,28.9848
LinearQuaternion,284,29.8228
LinearQuaternion,285,30.6786
LinearQuaternion,286,31.5528
LinearQuaternion,287,32.4462
LinearQuaternion,288,33.3595
LinearQuaternion,289,34.2933
LinearQuaternion,290,35.2485
LinearQuaternion,291,36.2258
LinearQuaternion,292,37.226
LinearQuaternion,293,38.2499
LinearQuaternion,294,39.2983
LinearQuaternion,295,36.0897
LinearQuaternion,296,33.315
LinearQuaternion,297,30.8952
LinearQuaternion,298,28.7675
LinearQuaternion,299,26.8813
LinearQuaternion,300,25.1965
LinearQuaternion,301,23.6806
LinearQuaternion,302,22.3075
LinearQuaternion,303,21.0559
LinearQuaternion,304,19.9082
LinearQuaternion,305,18.85
LinearQuaternion,306,17.8693
LinearQuaternion,307,16.9561
LinearQuaternion,308,16.1019
LinearQuaternion,309,15.2995
LinearQuaternion,310,14.5428
LinearQuaternion,311,13.8264
LinearQuaternion,312,13.146
LinearQuaternion,313,12.4976
LinearQuaternion,314,11.8776
LinearQuaternion,315,11.2832
LinearQuaternion,316,11.0031
LinearQuaternion,317,10.728
LinearQuaternion,318,10.4576
LinearQuaternion,319,10.1915
LinearQuaternion,320,9.9293
LinearQuaternion,321,9.67075
LinearQuaternion,322,9.41554
LinearQuaternion,323,9.16341
LinearQuaternion,324,8.9141
LinearQuaternion,325,8.66737
LinearQuaternion,326,8.423
LinearQuaternion,327,8.18077
LinearQuaternion,328,7.94048
LinearQuaternion,329,7.70195
LinearQuaternion,330,7.46499
LinearQuaternion,331,7.22943
LinearQuaternion,332,6.99511
LinearQuaternion,333,6.76187
LinearQuaternion,334,6.52957
LinearQuaternion,335,6.29804
LinearQuaternion,336,6.06717
LinearQuaternion,337,5.51442
LinearQuaternion,338,4.97952
LinearQuaternion,339,4.46109
LinearQuaternion,340,3.95788
LinearQuaternion,341,3.4687
LinearQuaternion,342,2.99246
LinearQuaternion,343,2.52816
LinearQuaternion,344,2.07484
LinearQuaternion,345,1.63161
LinearQuaternion,346,1.19766
LinearQuaternion,347,0.772188
LinearQuaternion,348,0.354465
LinearQuaternion,349,-0.0562134
LinearQuaternion,350,-0.460516
LinearQuaternion,351,-0.859081
LinearQuaternion,352,-1.25252
LinearQuaternion,353,-1.64143
LinearQuaternion,354,-2.02637
LinearQuaternion,355,-2.40791
LinearQuaternion,356,-2.78659
LinearQuaternion,357,-3.16295
LinearQuaternion,358,-3.31877
LinearQuaternion,359,-3.47593
LinearQuaternion,360,-3.63449
LinearQuaternion,361,-3.79453
LinearQuaternion,362,-3.95613
LinearQuaternion,363,-4.11936
LinearQuaternion,364,-4.28432
LinearQuaternion,365,-4.45108
LinearQuaternion,366,-4.61973
LinearQuaternion,367,-4.79037
LinearQuaternion,368,-4.96307
LinearQuaternion,369,-5.13795
LinearQuaternion,370,-5.3151
LinearQuaternion,371,-5.49462
LinearQuaternion,372,-5.67661
LinearQuaternion,373,-5.8612
LinearQuaternion,374,-6.04848
LinearQuaternion,375,-6.23859
LinearQuaternion,376,-6.43164
LinearQuaternion,377,-6.62777
LinearQuaternion,378,-6.8271
LinearQuaternion,379,-6.77368
LinearQuaternion,380,-6.71796
LinearQuaternion,381,-6.6599
LinearQuaternion,382,-6.59945
LinearQuaternion,383,-6.53658
LinearQuaternion,384,-6.47123
LinearQuaternion,385,-6.40336
LinearQuaternion,386,-6.33293
LinearQuaternion,387,-6.25987
LinearQuaternion,388,-6.18413
LinearQuaternion,389,-6.10567
LinearQuaternion,390,-6.02441
LinearQuaternion,391,-5.94031
LinearQuaternion,392,-5.85329
LinearQuaternion,393,-5.76329
LinearQuaternion,394,-5.67023
LinearQuaternion,395,-5.57406
LinearQuaternion,396,-5.47469
LinearQuaternion,397,-5.37204
LinearQuaternion,398,-5.26603
LinearQuaternion,399,-5.15657
LinearQuaternion,400,-5.13905
LinearQuaternion,401,-5.12151
LinearQuaternion,402,-5.10396
LinearQuaternion,403,-5.08638
LinearQuaternion,404,-5.06878
LinearQuaternion,405,-5.05116
LinearQuaternion,406,-5.03353
LinearQuaternion,407,-5.01587
LinearQuaternion,408,-4.99819
LinearQuaternion,409,-4.98049
LinearQuaternion,410,-4.96278
LinearQuaternion,411,-4.94504
LinearQuaternion,412,-4.92729
LinearQuaternion,413,-4.90952
LinearQuaternion,414,-4.89172
LinearQuaternion,415,-4.87391
LinearQuaternion,416,-4.85608
LinearQuaternion,417,-4.83823
LinearQuaternion,418,-4.82036
LinearQuaternion,419,-4.80248
LinearQuaternion,420,-4.78457
LinearQuaternion,421,-5.32049
LinearQuaternion,422,-5.83508
LinearQuaternion,423,-6.33047
LinearQuaternion,424,-6.80858
LinearQuaternion,425,-7.27114
LinearQuaternion,426,-7.71973
LinearQuaternion,427,-8.15577
LinearQuaternion,428,-8.58059
LinearQuaternion,429,-8.99539
LinearQuaternion,430,-9.4013
LinearQuaternion,431,-9.79936
LinearQuaternion,432,-10.1905
LinearQuaternion,433,-10.5758
LinearQuaternion,434,-10.956
LinearQuaternion,435,-11.3319
LinearQuaternion,436,-11.7044
LinearQuaternion,437,-12.0743
LinearQuaternion,438,-12.4422
LinearQuaternion,439,-12.8091
LinearQuaternion,440,-13.1755
LinearQuaternion,441,-13.5423
LinearQuaternion,442,-13.5031
LinearQuaternion,443,-13.4661
LinearQuaternion,444,-13.4311
LinearQuaternion,445,-13.3981
LinearQuaternion,446,-13.3671
LinearQuaternion,447,-13.3381
LinearQuaternion,448,-13.3111
LinearQuaternion,449,-13.286
LinearQuaternion,450,-13.263
LinearQuaternion,451,-13.2419
LinearQuaternion,452,-13.2228
LinearQuaternion,453,-13.2059
LinearQuaternion,454,-13.1911
LinearQuaternion,455,-13.1786
LinearQuaternion,456,-13.1684
LinearQuaternion,457,-13.1606
LinearQuaternion,458,-13.1555
LinearQuaternion,459,-13.1531
LinearQuaternion,460,-13.1537
LinearQuaternion,461,-13.1575
LinearQuaternion,462,-13.1648
LinearQuaternion,463,-12.8206
LinearQuaternion,464,-12.4703
LinearQuaternion,465,-12.1129
LinearQuaternion,466,-11.7477
LinearQuaternion,467,-11.3738
LinearQuaternion,468,-10.9901
LinearQuaternion,469,-10.5954
LinearQuaternion,470,-10.1884
LinearQuaternion,471,-9.7677
LinearQuaternion,472,-9.33151
LinearQuaternion,473,-8.87793
LinearQuaternion,474,-8.40474
LinearQuaternion,475,-7.90937
LinearQuaternion,476,-7.38883
LinearQuaternion,477,-6.83962
LinearQuaternion,478,-6.25762
LinearQuaternion,479,-5.63792
LinearQuaternion,480,-4.97465
LinearQuaternion,481,-4.26075
LinearQuaternion,482,-3.48757
LinearQuaternion,483,-2.6445
LinearQuaternion,484,-2.73836
LinearQuaternion,485,-2.85995
LinearQuaternion,486,-3.01527
LinearQuaternion,487,-3.21226
LinearQuaternion,488,-3.4616
LinearQuaternion,489,-3.77802
LinearQuaternion,490,-4.18236
LinearQuaternion,491,-4.70517
LinearQuaternion,492,-5.393
LinearQuaternion,493,-6.32036
LinearQuaternion,494,-7.61425
LinearQuaternion,495,-9.50947
LinearQuaternion,496,-12.4906
LinearQuaternion,497,-17.7255
LinearQuaternion,498,-28.7355
LinearQuaternion,499,-58.7199
LinearQuaternion,500,-117.291
LinearQuaternion,501,-147.086
LinearQuaternion,502,-158.039
LinearQuaternion,503,-163.255
LinearQuaternion,504,-166.227
LinearQuaternion,505,-169.04
LinearQuaternion,506,-170.999
LinearQuaternion,507,-172.435
LinearQuaternion,508,-173.53
LinearQuaternion,509,-174.39
LinearQuaternion,510,-175.082
LinearQuaternion,511,-175.65
LinearQuaternion,512,-176.122
LinearQuaternion,513,-176.522
LinearQuaternion,514,-176.862
LinearQuaternion,515,-177.156
LinearQuaternion,516,-177.41
LinearQuaternion,517,-177.633
LinearQuaternion,518,-177.829
LinearQuaternion,519,-178.002
LinearQuaternion,520,-178.156
LinearQuaternion,521,-178.293
LinearQuaternion,522,-178.415
LinearQuaternion,523,-178.525
LinearQuaternion,524,-178.623
LinearQuaternion,525,-178.712
LinearQuaternion,526,-178.988
LinearQuaternion,527,-179.254
LinearQuaternion,528,-179.511
LinearQuaternion,529,-179.758
LinearQuaternion,530,-179.997
LinearQuaternion,531,179.773
LinearQuaternion,532,179.552
LinearQuaternion,533,179.337
LinearQuaternion,534,179.131
LinearQuaternion,535,178.931
LinearQuaternion,536,178.738
LinearQuaternion,537,178.552
LinearQuaternion,538,178.372
LinearQuaternion,539,178.198
LinearQuaternion,540,178.03
LinearQuaternion,541,177.867
LinearQuaternion,542,177.71
LinearQuaternion,543,177.558
LinearQuaternion,544,177.411
LinearQuaternion,545,177.269
LinearQuaternion,546,-182.868
LinearQuaternion,547,177.185
LinearQuaternion,548,177.247
LinearQuaternion,549,177.316
LinearQuaternion,550,177.394
LinearQuaternion,551,177.481
LinearQuaternion,552,177.578
LinearQuaternion,553,177.686
LinearQuaternion,554,177.804
LinearQuaternion,555,177.935
LinearQuaternion,556,178.08
LinearQuaternion,557,178.238
LinearQuaternion,558,178.411
LinearQuaternion,559,178.602
LinearQuaternion,560,178.81
LinearQuaternion,561,179.038
LinearQuaternion,562,179.288
LinearQuaternion,563,179.562
LinearQuaternion,564,179.862
LinearQuaternion,565,-179.809
LinearQuaternion,566,-179.447
LinearQuaternion,567,-179.05
LinearQuaternion,568,-178.72
LinearQuaternion,569,-178.364
LinearQuaternion,570,-177.979
LinearQuaternion,571,-177.559
LinearQuaternion,572,-177.102
LinearQuaternion,573,-176.599
LinearQuaternion,574,-176.045
LinearQuaternion,575,-175.43
LinearQuaternion,576,-174.743
LinearQuaternion,577,-173.969
LinearQuaternion,578,-173.092
LinearQuaternion,579,-172.089
LinearQuaternion,580,-170.929
LinearQuaternion,581,-169.573
LinearQuaternion,582,-167.967
LinearQuaternion,583,-166.035
LinearQuaternion,584,-163.672
LinearQuaternion,585,-160.724
LinearQuaternion,586,-156.961
LinearQuaternion,587,-152.036
LinearQuaternion,588,-145.428
LinearQuaternion,589,-125.355
LinearQuaternion,590,-90.8595
LinearQuaternion,591,-57.5983
LinearQuaternion,592,-38.8446
LinearQuaternion,593,-28.9394
LinearQuaternion,594,-23.1641
LinearQuaternion,595,-19.4621
LinearQuaternion,596,-16.9139
LinearQuaternion,597,-15.0651
LinearQuaternion,598,-13.6696
LinearQuaternion,599,-12.5837
LinearQuaternion,600,-11.7182
LinearQuaternion,601,-11.0151
LinearQuaternion,602,-10.4349
LinearQuaternion,603,-9.95006
LinearQuaternion,604,-9.54067
LinearQuaternion,605,-9.19201
LinearQuaternion,606,-8.893
LinearQuaternion,607,-8.63511
LinearQuaternion,608,-8.41169
LinearQuaternion,609,-8.21749
LinearQuaternion,610,-7.81315
LinearQuaternion,611,-7.44438
LinearQuaternion,612,-7.10793
LinearQuaternion,613,-6.80095
LinearQuaternion,614,-6.52093
LinearQuaternion,615,-6.26568
LinearQuaternion,616,-6.03323
LinearQuaternion,617,-5.82185
LinearQuaternion,618,-5.62998
LinearQuaternion,619,-5.45627
LinearQuaternion,620,-5.29946
LinearQuaternion,621,-5.15847
LinearQuaternion,622,-5.03231
LinearQuaternion,623,-4.9201
LinearQuaternion,624,-4.82103
LinearQuaternion,625,-4.73439
LinearQuaternion,626,-4.65955
LinearQuaternion,627,-4.59592
LinearQuaternion,628,-4.54299
LinearQuaternion,629,-4.5003
LinearQuaternion,630,-4.46741
LinearQuaternion,631,-4.14416
LinearQuaternion,632,-3.83232
LinearQuaternion,633,-3.53149
LinearQuaternion,634,-3.24125
LinearQuaternion,635,-2.96121
LinearQuaternion,636,-2.69103
LinearQuaternion,637,-2.43036
LinearQuaternion,638,-2.17889
LinearQuaternion,639,-1.93631
LinearQuaternion,640,-1.70233
LinearQuaternion,641,-1.47671
LinearQuaternion,642,-1.25918
LinearQuaternion,643,-1.0495
LinearQuaternion,644,-0.847463
LinearQuaternion,645,-0.652855
LinearQuaternion,646,-0.465482
LinearQuaternion,647,-0.285161
LinearQuaternion,648,-0.111723
LinearQuaternion,649,0.0549917
LinearQuaternion,650,0.21513
LinearQuaternion,651,0.36883
LinearQuaternion,652,0.378675
LinearQuaternion,653,0.389066
LinearQuaternion,654,0.400008
LinearQuaternion,655,0.411505
LinearQuaternion,656,0.423563
LinearQuaternion,657,0.436188
LinearQuaternion,658,0.449388
LinearQuaternion,659,0.46317
LinearQuaternion,660,0.477544
LinearQuaternion,661,0.49252
LinearQuaternion,662,0.508108
LinearQuaternion,663,0.524319
LinearQuaternion,664,0.541168
LinearQuaternion,665,0.558667
LinearQuaternion,666,0.576831
LinearQuaternion,667,0.595676
LinearQuaternion,668,0.61522
LinearQuaternion,669,0.635479
LinearQuaternion,670,0.656475
LinearQuaternion,671,0.678227
LinearQuaternion,672,0.700759
LinearQuaternion,673,0.726673
LinearQuaternion,674,0.757118
LinearQuaternion,675,0.792261
LinearQuaternion,676,0.832291
LinearQuaternion,677,0.877423
LinearQuaternion,678,0.927902
LinearQuaternion,679,0.984003
LinearQuaternion,680,1.04604
LinearQuaternion,681,1.11436
LinearQuaternion,682,1.18935
LinearQuaternion,683,1.27147
LinearQuaternion,684,1.36121
LinearQuaternion,685,1.45914
LinearQuaternion,686,1.56588
LinearQuaternion,687,1.68218
LinearQuaternion,688,1.80883
LinearQuaternion,689,1.94677
LinearQuaternion,690,2.09706
LinearQuaternion,691,2.26091
LinearQuaternion,692,2.43972
LinearQuaternion,693,2.6351
LinearQuaternion,694,2.74522
LinearQuaternion,695,2.86449
LinearQuaternion,696,2.99462
LinearQuaternion,697,3.13775
LinearQuaternion,698,3.29657
LinearQuaternion,699,3.47456
LinearQuaternion,700,3.67628
LinearQuaternion,701,3.9078
LinearQuaternion,702,4.17747
LinearQuaternion,703,4.49698
LinearQuaternion,704,4.88332
LinearQuaternion,705,5.36211
LinearQuaternion,706,5.97394
LinearQuaternion,707,6.78704
LinearQuaternion,708,7.92558
LinearQuaternion,709,9.64139
LinearQuaternion,710,12.5318
LinearQuaternion,711,18.4147
LinearQuaternion,712,35.9302
LinearQuaternion,713,111.673
LinearQuaternion,714,157.04
LinearQuaternion,715,171.225
LinearQuaternion,716,176.447
LinearQuaternion,717,179.188
LinearQuaternion,718,-179.085
LinearQuaternion,719,-177.866
LinearQuaternion,720,-176.938
LinearQuaternion,721,-176.192
LinearQuaternion,722,-175.566
LinearQuaternion,723,-175.023
LinearQuaternion,724,-174.54
LinearQuaternion,725,-174.102
LinearQuaternion,726,-173.696
LinearQuaternion,727,-173.316
LinearQuaternion,728,-172.955
LinearQuaternion,729,-172.609
LinearQuaternion,730,-172.275
LinearQuaternion,731,-171.949
LinearQuaternion,732,-171.629
LinearQuaternion,733,-171.313
LinearQuaternion,734,-171.001
LinearQuaternion,735,189.311
LinearQuaternion,736,-170.741
LinearQuaternion,737,-170.789
LinearQuaternion,738,-170.835
LinearQuaternion,739,-170.877
LinearQuaternion,740,-170.918
LinearQuaternion,741,-170.956
LinearQuaternion,742,-170.993
LinearQuaternion,743,-171.028
LinearQuaternion,744,-171.061
LinearQuaternion,745,-171.093
LinearQuaternion,746,-171.124
LinearQuaternion,747,-171.154
LinearQuaternion,748,-171.183
LinearQuaternion,749,-171.212
LinearQuaternion,750,-171.24
LinearQuaternion,751,-171.267
LinearQuaternion,752,-171.294
LinearQuaternion,753,-171.32
LinearQuaternion,754,-171.346
LinearQuaternion,755,-171.372
LinearQuaternion,756,188.602
LinearQuaternion,757,-171.106
LinearQuaternion,758,-170.789
LinearQuaternion,759,-170.444
LinearQuaternion,760,-170.065
LinearQuaternion,761,-169.644
LinearQuaternion,762,-169.172
LinearQuaternion,763,-168.637
LinearQuaternion,764,-168.021
LinearQuaternion,765,-167.304
LinearQuaternion,766,-166.454
LinearQuaternion,767,-165.426
LinearQuaternion,768,-164.153
LinearQuaternion,769,-162.531
LinearQuaternion,770,-160.389
LinearQuaternion,771,-157.425
LinearQuaternion,772,-153.063
LinearQuaternion,773,-146.093
LinearQuaternion,774,-133.711
LinearQuaternion,775,-109.877
LinearQuaternion,776,-72.7797
LinearQuaternion,777,317.137
LinearQuaternion,778,-31.1076
LinearQuaternion,779,-23.9708
LinearQuaternion,780,-19.3087
LinearQuaternion,781,-16.0615
LinearQuaternion,782,-13.6822
LinearQuaternion,783,-11.8683
LinearQuaternion,784,-10.441
LinearQuaternion,785,-9.28921
LinearQuaternion,786,-8.34006
LinearQuaternion,787,-7.5442
LinearQuaternion,788,-6.86698
LinearQuaternion,789,-6.28342
LinearQuaternion,790,-5.77504
LinearQuaternion,791,-5.32792
LinearQuaternion,792,-4.93136
LinearQuaternion,793,-4.57701
LinearQuaternion,794,-4.25826
LinearQuaternion,795,-3.96981
LinearQuaternion,796,-3.70736
LinearQuaternion,797,-3.46739
LinearQuaternion,798,356.753
LinearQuaternion,799,-3.45919
LinearQuaternion,800,-3.66873
LinearQuaternion,801,-3.876
LinearQuaternion,802,-4.08137
LinearQuaternion,803,-4.28518
LinearQuaternion,804,-4.48776
LinearQuaternion,805,-4.68942
LinearQuaternion,806,-4.89047
LinearQuaternion,807,-5.0912
LinearQuaternion,808,-5.29189
LinearQuaternion,809,-5.49282
LinearQuaternion,810,-5.69426
LinearQuaternion,811,-5.8965
LinearQuaternion,812,-6.0998
LinearQuaternion,813,-6.30444
LinearQuaternion,814,-6.51068
LinearQuaternion,815,-6.71881
LinearQuaternion,816,-6.92911
LinearQuaternion,817,-7.14188
LinearQuaternion,818,-7.3574
LinearQuaternion,819,352.424
LinearQuaternion,820,-7.37368
LinearQuaternion,821,-7.17262
LinearQuaternion,822,-6.97283
LinearQuaternion,823,-6.77431
LinearQuaternion,824,-6.57706
LinearQuaternion,825,-6.38111
LinearQuaternion,826,-6.18645
LinearQuaternion,827,-5.99309
LinearQuaternion,828,-5.80105
LinearQuaternion,829,-5.61031
LinearQuaternion,830,-5.42091
LinearQuaternion,831,-5.23283
LinearQuaternion,832,-5.04608
LinearQuaternion,833,-4.86068
LinearQuaternion,834,-4.67663
LinearQuaternion,835,-4.49394
LinearQuaternion,836,-4.3126
LinearQuaternion,837,-4.13264
LinearQuaternion,838,-3.95404
LinearQuaternion,839,-3.77683
LinearQuaternion,840,356.399
LinearQuaternion,841,-3.4024
LinearQuaternion,842,-3.21181
LinearQuaternion,843,-3.02918
LinearQuaternion,844,-2.85443
LinearQuaternion,845,-2.68752
LinearQuaternion,846,-2.52839
LinearQuaternion,847,-2.37701
LinearQuaternion,848,-2.23336
LinearQuaternion,849,-2.09741
LinearQuaternion,850,-1.96914
LinearQuaternion,851,-1.84856
LinearQuaternion,852,-1.73567
LinearQuaternion,853,-1.63049
LinearQuaternion,854,-1.53302
LinearQuaternion,855,-1.44332
LinearQuaternion,856,-1.36141
LinearQuaternion,857,-1.28736
LinearQuaternion,858,-1.22121
LinearQuaternion,859,-1.16305
LinearQuaternion,860,-1.11295
LinearQuaternion,861,358.929
LinearQuaternion,862,-1.06154
LinearQuaternion,863,-1.05106
LinearQuaternion,864,-1.03955
LinearQuaternion,865,-1.027
LinearQuaternion,866,-1.01342
LinearQuaternion,867,-0.998801
LinearQuaternion,868,-0.98313
LinearQuaternion,869,-0.966403
LinearQuaternion,870,-0.948616
LinearQuaternion,871,-0.929761
LinearQuaternion,872,-0.909833
LinearQuaternion,873,-0.888825
LinearQuaternion,874,-0.866731
LinearQuaternion,875,-0.843542
LinearQuaternion,876,-0.819253
LinearQuaternion,877,-0.793857
LinearQuaternion,878,-0.767346
LinearQuaternion,879,-0.739712
LinearQuaternion,880,-0.710949
LinearQuaternion,881,-0.681047
LinearQuaternion,882,359.35
LinearQuaternion,883,-0.569888
LinearQuaternion,884,-0.491093
LinearQuaternion,885,-0.413617
LinearQuaternion,886,-0.337461
LinearQuaternion,887,-0.262625
LinearQuaternion,888,-0.18911
LinearQuaternion,889,-0.116917
LinearQuaternion,890,-0.0460451
LinearQuaternion,891,0.0235045
LinearQuaternion,892,0.091732
LinearQuaternion,893,0.158637
LinearQuaternion,894,0.22422
LinearQuaternion,895,0.28848
LinearQuaternion,896,0.351419
LinearQuaternion,897,0.413035
LinearQuaternion,898,0.47333
LinearQuaternion,899,0.532304
LinearQuaternion,900,0.589957
LinearQuaternion,901,0.646291
LinearQuaternion,902,0.701305
LinearQuaternion,903,360.755
LinearQuaternion,904,0.991629
LinearQuaternion,905,1.22281
LinearQuaternion,906,1.44871
LinearQuaternion,907,1.66948
LinearQuaternion,908,1.88527
LinearQuaternion,909,2.09621
LinearQuaternion,910,2.30245
LinearQuaternion,911,2.50412
LinearQuaternion,912,2.70133
LinearQuaternion,913,2.89421
LinearQuaternion,914,3.08286
LinearQuaternion,915,3.26741
LinearQuaternion,916,3.44794
LinearQuaternion,917,3.62457
LinearQuaternion,918,3.79738
LinearQuaternion,919,3.96648
LinearQuaternion,920,4.13193
LinearQuaternion,921,4.29383
LinearQuaternion,922,4.45226
LinearQuaternion,923,4.60729
LinearQuaternion,924,364.759
LinearQuaternion,925,4.7739
LinearQuaternion,926,4.78815
LinearQuaternion,927,4.80173
LinearQuaternion,928,4.81466
LinearQuaternion,929,4.82694
LinearQuaternion,930,4.83857
LinearQuaternion,931,4.84954
LinearQuaternion,932,4.85986
LinearQuaternion,933,4.86953
LinearQuaternion,934,4.87855
LinearQuaternion,935,4.88692
LinearQuaternion,936,4.89464
LinearQuaternion,937,4.90171
LinearQuaternion,938,4.90814
LinearQuaternion,939,4.91392
LinearQuaternion,940,4.91905
LinearQuaternion,941,4.92353
LinearQuaternion,942,4.92737
LinearQuaternion,943,4.93056
LinearQuaternion,944,4.9331
LinearQuaternion,945,364.935
LinearQuaternion,946,4.90169
LinearQuaternion,947,4.86847
LinearQuaternion,948,4.83533
LinearQuaternion,949,4.80227
LinearQuaternion,950,4.7693
LinearQuaternion,951,4.73642
LinearQuaternion,952,4.70362
LinearQuaternion,953,4.6709
LinearQuaternion,954,4.63826
LinearQuaternion,955,4.60571
LinearQuaternion,956,4.57324
LinearQuaternion,957,4.54085
LinearQuaternion,958,4.50855
LinearQuaternion,959,4.47632
LinearQuaternion,960,4.44418
LinearQuaternion,961,4.41212
LinearQuaternion,962,4.38013
LinearQuaternion,963,4.34823
LinearQuaternion,964,4.31641
LinearQuaternion,965,4.28466
LinearQuaternion,966,364.253
LinearQuaternion,967,4.2455
LinearQuaternion,968,4.23796
LinearQuaternion,969,4.23039
LinearQuaternion,970,4.22278
LinearQuaternion,971,4.21514
LinearQuaternion,972,4.20746
LinearQuaternion,973,4.19975
LinearQuaternion,974,4.192
LinearQuaternion,975,4.18421
LinearQuaternion,976,4.17639
LinearQuaternion,977,4.16853
LinearQuaternion,978,4.16064
LinearQuaternion,979,4.15271
LinearQuaternion,980,4.14475
LinearQuaternion,981,4.13675
LinearQuaternion,982,4.12871
LinearQuaternion,983,4.12064
LinearQuaternion,984,4.11253
LinearQuaternion,985,4.10439
LinearQuaternion,986,4.09621
LinearQuaternion,987,364.088
LinearQuaternion,988,4.06899
LinearQuaternion,989,4.04996
LinearQuaternion,990,4.03092
LinearQuaternion,991,4.01187
LinearQuaternion,992,3.99281
LinearQuaternion,993,3.97373
LinearQuaternion,994,3.95464
LinearQuaternion,995,3.93554
LinearQuaternion,996,3.91642
LinearQuaternion,997,3.89729
LinearQuaternion,998,3.87815
LinearQuaternion,999,3.85899
LinearQuaternion,1000,3.83982
LinearQuaternion,1001,3.82064
LinearQuaternion,1002,3.80145
LinearQuaternion,1003,3.78224
LinearQuaternion,1004,3.76302
LinearQuaternion,1005,3.74378
LinearQuaternion,1006,3.72453
LinearQuaternion,1007,3.70527
LinearQuaternion,1008,363.686
LinearQuaternion,1009,3.67743
LinearQuaternion,1010,3.66887
LinearQuaternion,1011,3.6603
LinearQuaternion,1012,3.65173
LinearQuaternion,1013,3.64317
LinearQuaternion,1014,3.6346
LinearQuaternion,1015,3.62603
LinearQuaternion,1016,3.61746
LinearQuaternion,1017,3.60889
LinearQuaternion,1018,3.60032
LinearQuaternion,1019,3.59175
LinearQuaternion,1020,3.58318
LinearQuaternion,1021,3.5746
LinearQuaternion,1022,3.56603
LinearQuaternion,1023,3.55746
LinearQuaternion,1024,3.54888
LinearQuaternion,1025,3.54031
LinearQuaternion,1026,3.53173
LinearQuaternion,1027,3.52315
LinearQuaternion,1028,3.51458
LinearQuaternion,1029,363.506
LinearQuaternion,1030,3.50467
LinearQuaternion,1031,3.50333
LinearQuaternion,1032,3.502
LinearQuaternion,1033,3.50067
LinearQuaternion,1034,3.49933
LinearQuaternion,1035,3.498
LinearQuaternion,1036,3.49666
LinearQuaternion,1037,3.49533
LinearQuaternion,1038,3.494
LinearQuaternion,1039,3.49266
LinearQuaternion,1040,3.49133
LinearQuaternion,1041,3.49
LinearQuaternion,1042,3.48866
LinearQuaternion,1043,3.48733
LinearQuaternion,1044,3.486
LinearQuaternion,1045,3.48466
LinearQuaternion,1046,3.48333
LinearQuaternion,1047,3.482
LinearQuaternion,1048,3.48067
LinearQuaternion,1049,3.47933
LinearQuaternion,1050,363.478
LinearQuaternion,1051,3.46696
LinearQuaternion,1052,3.45591
LinearQuaternion,1053,3.44487
LinearQuaternion,1054,3.43382
LinearQuaternion,1055,3.42277
LinearQuaternion,1056,3.41173
LinearQuaternion,1057,3.40068
LinearQuaternion,1058,3.38964
LinearQuaternion,1059,3.37859
LinearQuaternion,1060,3.36754
LinearQuaternion,1061,3.35649
LinearQuaternion,1062,3.34545
LinearQuaternion,1063,3.3344
LinearQuaternion,1064,3.32335
LinearQuaternion,1065,3.3123
LinearQuaternion,1066,3.30125
LinearQuaternion,1067,3.2902
LinearQuaternion,1068,3.27915
LinearQuaternion,1069,3.2681
LinearQuaternion,1070,3.25705
LinearQuaternion,1071,363.246
LinearQuaternion,1072,363.244
LinearQuaternion,1073,363.243
LinearQuaternion,1074,363.243
LinearQuaternion,1075,363.243
LinearQuaternion,1076,363.242
LinearQuaternion,1077,363.241
LinearQuaternion,1078,363.239
LinearQuaternion,1079,363.234
LinearQuaternion,1080,363.228
LinearQuaternion,1081,363.235
LinearQuaternion,1082,363.217
LinearQuaternion,1083,363.179
LinearQuaternion,1084,363.197
LinearQuaternion,1085,363.177
